rank,file,t_sec,score,U,A,D,n_boxes,n_ambiguous,empty,selected
1,frame_0001.jpg,0.4,0.7557,0.7364,0.625,1.0,11,5,False,True
2,frame_0073.jpg,29.2,0.7484,0.7218,0.625,1.0,7,5,False,True
3,frame_0169.jpg,67.6,0.7331,0.8082,0.75,0.52,8,6,False,True
4,frame_0069.jpg,27.6,0.7321,0.6892,0.625,1.0,7,5,False,False
5,frame_0007.jpg,2.8,0.7264,0.6778,0.625,1.0,6,5,False,True
6,frame_0291.jpg,116.4,0.7223,0.7335,0.625,0.84,7,5,False,True
7,frame_0070.jpg,28.0,0.7202,0.8154,0.375,1.0,4,3,False,False
8,frame_0292.jpg,116.8,0.7151,0.6601,0.75,0.8,6,6,False,False
9,frame_0079.jpg,31.6,0.7083,0.7216,0.625,0.8,8,5,False,True
10,frame_0074.jpg,29.6,0.707,0.714,0.5,1.0,8,4,False,False
11,frame_0031.jpg,12.4,0.6978,0.6205,0.625,1.0,9,5,False,True
12,frame_0328.jpg,131.2,0.6955,0.759,1.0,0.08,11,8,False,True
13,frame_0002.jpg,0.8,0.6907,0.6065,0.625,1.0,8,5,False,False
14,frame_0008.jpg,3.2,0.6895,0.8291,0.25,1.0,3,2,False,False
15,frame_0126.jpg,50.4,0.6843,0.6896,0.625,0.76,8,5,False,True
16,frame_0367.jpg,146.8,0.6827,0.7335,1.0,0.08,9,8,False,True
17,frame_0276.jpg,110.4,0.6777,0.8094,0.75,0.24,8,6,False,True
18,frame_0387.jpg,154.8,0.6769,0.8239,0.75,0.2,9,6,False,True
19,frame_0077.jpg,30.8,0.6759,0.7748,0.375,0.88,7,3,False,False
20,frame_0005.jpg,2.0,0.6708,0.6416,0.5,1.0,6,4,False,False
21,frame_0075.jpg,30.0,0.6681,0.6522,0.5,0.96,7,4,False,False
22,frame_0377.jpg,150.8,0.6628,0.7526,0.875,0.12,11,7,False,False
23,frame_0297.jpg,118.8,0.6613,0.6326,0.75,0.6,8,6,False,False
24,frame_0072.jpg,28.8,0.6605,0.696,0.375,1.0,8,3,False,False
25,frame_0378.jpg,151.2,0.658,0.6839,1.0,0.08,11,8,False,False
26,frame_0000.jpg,0.0,0.651,0.602,0.5,1.0,8,4,False,False
27,frame_0293.jpg,117.2,0.6475,0.6159,0.625,0.76,6,5,False,False
28,frame_0003.jpg,1.2,0.6419,0.5088,0.625,1.0,6,5,False,False
29,frame_0004.jpg,1.6,0.6378,0.5755,0.5,1.0,6,4,False,False
30,frame_0026.jpg,10.4,0.6377,0.5753,0.5,1.0,4,4,False,False
31,frame_0231.jpg,92.4,0.6318,0.6746,0.875,0.16,8,7,False,False
32,frame_0071.jpg,28.4,0.6316,0.5632,0.5,1.0,6,4,False,False
33,frame_0375.jpg,150.0,0.6291,0.8783,0.5,0.2,11,4,False,False
34,frame_0127.jpg,50.8,0.6277,0.6354,0.5,0.8,7,4,False,False
35,frame_0379.jpg,151.6,0.6275,0.714,0.875,0.04,10,7,False,False
36,frame_0067.jpg,26.8,0.6246,0.5492,0.5,1.0,8,4,False,False
37,frame_0368.jpg,147.2,0.623,0.6301,1.0,0.04,10,8,False,False
38,frame_0128.jpg,51.2,0.6223,0.6086,0.5,0.84,6,4,False,False
39,frame_0284.jpg,113.6,0.6209,0.8677,0.25,0.56,6,2,False,False
40,frame_0015.jpg,6.0,0.619,0.613,0.375,1.0,5,3,False,False
41,frame_0170.jpg,68.0,0.6169,0.7417,0.5,0.48,6,4,False,False
42,frame_0389.jpg,155.6,0.6143,0.7307,0.75,0.12,9,6,False,False
43,frame_0385.jpg,154.0,0.6074,0.6097,0.875,0.2,8,7,False,False
44,frame_0290.jpg,116.0,0.6062,0.5924,0.5,0.8,6,4,False,False
45,frame_0302.jpg,120.8,0.606,0.677,0.625,0.4,7,5,False,False
46,frame_0301.jpg,120.4,0.6053,0.7346,0.5,0.44,8,4,False,False
47,frame_0294.jpg,117.6,0.6048,0.6216,0.5,0.72,5,4,False,False
48,frame_0184.jpg,73.6,0.6016,0.7962,0.625,0.08,7,5,False,False
49,frame_0384.jpg,153.6,0.5998,0.7606,0.625,0.16,9,5,False,False
50,frame_0318.jpg,127.2,0.5971,0.7232,0.625,0.24,8,5,False,False
51,frame_0167.jpg,66.8,0.5967,0.7284,0.375,0.6,6,3,False,False
52,frame_0329.jpg,131.6,0.5963,0.7857,0.625,0.08,13,5,False,False
53,frame_0283.jpg,113.2,0.5946,0.6811,0.5,0.52,5,4,False,False
54,frame_0068.jpg,27.2,0.5941,0.4882,0.5,1.0,7,4,False,False
55,frame_0016.jpg,6.4,0.591,0.4819,0.5,1.0,6,4,False,False
56,frame_0013.jpg,5.2,0.5901,0.5552,0.375,1.0,4,3,False,False
57,frame_0285.jpg,114.0,0.5879,0.7109,0.375,0.6,6,3,False,False
58,frame_0078.jpg,31.2,0.5849,0.5338,0.5,0.84,7,4,False,False
59,frame_0095.jpg,38.0,0.5808,0.6476,0.75,0.16,6,6,False,False
60,frame_0296.jpg,118.4,0.5793,0.6776,0.375,0.64,6,3,False,False
61,frame_0076.jpg,30.4,0.5777,0.5624,0.375,0.92,5,3,False,False
62,frame_0286.jpg,114.4,0.576,0.746,0.25,0.64,7,2,False,False
63,frame_0287.jpg,114.8,0.5724,0.6478,0.375,0.68,6,3,False,False
64,frame_0089.jpg,35.6,0.5712,0.5323,0.75,0.4,6,6,False,False
65,frame_0098.jpg,39.2,0.5711,0.7512,0.625,0.04,9,5,False,False
66,frame_0275.jpg,110.0,0.5694,0.7587,0.5,0.2,6,4,False,False
67,frame_0014.jpg,5.6,0.5689,0.5127,0.375,1.0,5,3,False,False
68,frame_0114.jpg,45.6,0.5683,0.6496,0.625,0.28,6,5,False,False
69,frame_0029.jpg,11.6,0.5671,0.5842,0.25,1.0,6,2,False,False
70,frame_0396.jpg,158.4,0.5644,0.7648,0.5,0.16,8,4,False,False
71,frame_0030.jpg,12.0,0.563,0.4259,0.5,1.0,7,4,False,False
72,frame_0033.jpg,13.2,0.5591,0.5682,0.25,1.0,7,2,False,False
73,frame_0373.jpg,149.2,0.557,0.675,0.625,0.16,8,5,False,False
74,frame_0130.jpg,52.0,0.5567,0.6705,0.125,0.92,4,1,False,False
75,frame_0306.jpg,122.4,0.5563,0.6416,0.625,0.24,8,5,False,False
76,frame_0386.jpg,154.4,0.5559,0.6407,0.625,0.24,7,5,False,False
77,frame_0129.jpg,51.6,0.5558,0.6846,0.125,0.88,5,1,False,False
78,frame_0111.jpg,44.4,0.5548,0.9706,0.125,0.16,2,1,False,False
79,frame_0210.jpg,84.0,0.5546,0.6123,0.375,0.68,3,3,False,False
80,frame_0011.jpg,4.4,0.5522,0.5543,0.25,1.0,4,2,False,False
81,frame_0289.jpg,115.6,0.5495,0.645,0.25,0.76,5,2,False,False
82,frame_0123.jpg,49.2,0.547,0.763,0.125,0.64,6,1,False,False
83,frame_0105.jpg,42.0,0.5465,0.761,0.5,0.08,7,4,False,False
84,frame_0278.jpg,111.2,0.5444,0.7357,0.375,0.32,8,3,False,False
85,frame_0009.jpg,3.6,0.5441,0.5381,0.25,1.0,2,2,False,False
86,frame_0274.jpg,109.6,0.5437,0.7233,0.5,0.16,6,4,False,False
87,frame_0330.jpg,132.0,0.5417,0.6924,0.625,0.04,9,5,False,False
88,frame_0133.jpg,53.2,0.5405,0.456,0.375,1.0,9,3,False,False
89,frame_0132.jpg,52.8,0.535,0.4449,0.375,1.0,6,3,False,False
90,frame_0298.jpg,119.2,0.5324,0.6908,0.25,0.56,5,2,False,False
91,frame_0390.jpg,156.0,0.532,0.6569,0.625,0.08,8,5,False,False
92,frame_0397.jpg,158.8,0.5295,0.754,0.375,0.2,8,3,False,False
93,frame_0018.jpg,7.2,0.5253,0.5007,0.25,1.0,4,2,False,False
94,frame_0183.jpg,73.2,0.5198,0.7236,0.5,0.04,5,4,False,False
95,frame_0080.jpg,32.0,0.5187,0.4333,0.5,0.76,6,4,False,False
96,frame_0388.jpg,155.2,0.5158,0.5926,0.625,0.16,8,5,False,False
97,frame_0020.jpg,8.0,0.5135,0.477,0.25,1.0,4,2,False,False
98,frame_0267.jpg,106.8,0.5118,0.6006,0.625,0.12,6,5,False,False
99,frame_0230.jpg,92.0,0.5111,0.5991,0.625,0.12,11,5,False,False
100,frame_0006.jpg,2.4,0.511,0.3969,0.375,1.0,4,3,False,False
101,frame_0225.jpg,90.0,0.5098,0.7626,0.375,0.08,7,3,False,False
102,frame_0168.jpg,67.2,0.5089,0.6438,0.25,0.56,6,2,False,False
103,frame_0081.jpg,32.4,0.5079,0.4278,0.5,0.72,7,4,False,False
104,frame_0109.jpg,43.6,0.5066,0.6063,0.625,0.08,7,5,False,False
105,frame_0279.jpg,111.6,0.5029,0.6367,0.375,0.36,6,3,False,False
106,frame_0021.jpg,8.4,0.4998,0.3746,0.375,1.0,6,3,False,False
107,frame_0304.jpg,121.6,0.4951,0.5622,0.5,0.32,6,4,False,False
108,frame_0307.jpg,122.8,0.4945,0.609,0.5,0.2,9,4,False,False
109,frame_0300.jpg,120.0,0.492,0.492,0.5,0.48,8,4,False,False
110,frame_0175.jpg,70.0,0.4905,0.644,0.375,0.28,8,3,False,False
111,frame_0332.jpg,132.8,0.4881,0.6603,0.5,0.04,9,4,False,False
112,frame_0106.jpg,42.4,0.4872,0.5833,0.625,0.04,7,5,False,False
113,frame_0288.jpg,115.2,0.4871,0.5363,0.25,0.72,9,2,False,False
114,frame_0220.jpg,88.0,0.4862,0.6355,0.375,0.28,3,3,False,False
115,frame_0124.jpg,49.6,0.4851,0.6232,0.125,0.68,7,1,False,False
116,frame_0131.jpg,52.4,0.4829,0.4317,0.25,0.96,4,2,False,False
117,frame_0173.jpg,69.2,0.4822,0.5954,0.375,0.36,8,3,False,False
118,frame_0277.jpg,110.8,0.4819,0.4768,0.625,0.28,8,5,False,False
119,frame_0316.jpg,126.4,0.4818,0.5996,0.5,0.16,8,4,False,False
120,frame_0229.jpg,91.6,0.4813,0.5556,0.625,0.08,9,5,False,False
121,frame_0327.jpg,130.8,0.4792,0.7174,0.375,0.04,10,3,False,False
122,frame_0082.jpg,32.8,0.4784,0.4599,0.375,0.68,5,3,False,False
123,frame_0122.jpg,48.8,0.4779,0.5658,0.25,0.6,5,2,False,False
124,frame_0319.jpg,127.6,0.4768,0.4665,0.625,0.28,10,5,False,False
125,frame_0115.jpg,46.0,0.4764,0.5998,0.375,0.32,5,3,False,False
126,frame_0186.jpg,74.4,0.476,0.561,0.625,0.04,10,5,False,False
127,frame_0202.jpg,80.8,0.4754,0.4108,0.5,0.6,5,4,False,False
128,frame_0374.jpg,149.6,0.475,0.57,0.5,0.2,12,4,False,False
129,frame_0376.jpg,150.4,0.4747,0.8103,0.125,0.16,9,1,False,False
130,frame_0295.jpg,118.0,0.4736,0.6002,0.125,0.68,5,1,False,False
131,frame_0201.jpg,80.4,0.4718,0.4946,0.375,0.56,3,3,False,False
132,frame_0209.jpg,83.6,0.471,0.504,0.25,0.72,4,2,False,False
133,frame_0096.jpg,38.4,0.4691,0.6652,0.375,0.12,8,3,False,False
134,frame_0120.jpg,48.0,0.4687,0.5043,0.375,0.52,5,3,False,False
135,frame_0113.jpg,45.2,0.4662,0.4613,0.625,0.24,7,5,False,False
136,frame_0282.jpg,112.8,0.4654,0.5887,0.25,0.48,6,2,False,False
137,frame_0032.jpg,12.8,0.4647,0.3793,0.25,1.0,8,2,False,False
138,frame_0208.jpg,83.2,0.4647,0.4003,0.375,0.76,4,3,False,False
139,frame_0125.jpg,50.0,0.4625,0.487,0.25,0.72,6,2,False,False
140,frame_0280.jpg,112.0,0.4615,0.613,0.25,0.4,6,2,False,False
141,frame_0083.jpg,33.2,0.4602,0.5143,0.25,0.64,3,2,False,False
142,frame_0398.jpg,159.2,0.456,0.5911,0.375,0.24,9,3,False,False
143,frame_0188.jpg,75.2,0.4552,0.5943,0.5,0.04,9,4,False,False
144,frame_0023.jpg,9.2,0.455,0.435,0.125,1.0,2,1,False,False
145,frame_0028.jpg,11.2,0.454,0.3579,0.25,1.0,5,2,False,False
146,frame_0176.jpg,70.4,0.454,0.512,0.5,0.24,7,4,False,False
147,frame_0179.jpg,71.6,0.4526,0.6323,0.375,0.12,7,3,False,False
148,frame_0200.jpg,80.0,0.4518,0.5457,0.25,0.52,2,2,False,False
149,frame_0305.jpg,122.0,0.4515,0.491,0.5,0.28,5,4,False,False
150,frame_0223.jpg,89.2,0.451,0.538,0.5,0.16,6,4,False,False
151,frame_0333.jpg,133.2,0.4497,0.5675,0.5,0.08,8,4,False,False
152,frame_0024.jpg,9.6,0.444,0.413,0.125,1.0,2,1,False,False
153,frame_0019.jpg,7.6,0.4412,0.4074,0.125,1.0,2,1,False,False
154,frame_0391.jpg,156.4,0.4399,0.5638,0.5,0.04,8,4,False,False
155,frame_0203.jpg,81.2,0.4384,0.3957,0.375,0.64,3,3,False,False
156,frame_0112.jpg,44.8,0.4383,0.5715,0.375,0.2,5,3,False,False
157,frame_0395.jpg,158.0,0.4371,0.4511,0.625,0.12,8,5,False,False
158,frame_0303.jpg,121.2,0.4317,0.4944,0.375,0.36,5,3,False,False
159,frame_0185.jpg,74.0,0.4314,0.6057,0.375,0.08,9,3,False,False
160,frame_0084.jpg,33.6,0.431,0.4721,0.25,0.6,3,2,False,False
161,frame_0181.jpg,72.4,0.4302,0.5444,0.5,0.04,6,4,False,False
162,frame_0314.jpg,125.6,0.4276,0.5232,0.5,0.08,6,4,False,False
163,frame_0097.jpg,38.8,0.4262,0.5204,0.5,0.08,6,4,False,False
164,frame_0268.jpg,107.2,0.4262,0.5203,0.5,0.08,6,4,False,False
165,frame_0317.jpg,126.8,0.4242,0.6184,0.25,0.2,9,2,False,False
166,frame_0214.jpg,85.6,0.4239,0.4898,0.25,0.52,3,2,False,False
167,frame_0308.jpg,123.2,0.4234,0.5578,0.375,0.16,7,3,False,False
168,frame_0012.jpg,4.8,0.4186,0.2871,0.25,1.0,4,2,False,False
169,frame_0116.jpg,46.4,0.4186,0.5432,0.25,0.36,9,2,False,False
170,frame_0010.jpg,4.0,0.4151,0.4301,0.0,1.0,3,0,False,False
171,frame_0017.jpg,6.8,0.4147,0.3543,0.125,1.0,6,1,False,False
172,frame_0088.jpg,35.2,0.4137,0.5014,0.25,0.44,8,2,False,False
173,frame_0086.jpg,34.4,0.4102,0.3874,0.375,0.52,6,3,False,False
174,frame_0177.jpg,70.8,0.4099,0.5148,0.375,0.2,7,3,False,False
175,frame_0172.jpg,68.8,0.4092,0.4333,0.375,0.4,7,3,False,False
176,frame_0197.jpg,78.8,0.4058,0.5766,0.125,0.4,1,1,False,False
177,frame_0022.jpg,8.8,0.4049,0.2598,0.25,1.0,4,2,False,False
178,frame_0299.jpg,119.6,0.4046,0.3763,0.375,0.52,7,3,False,False
179,frame_0222.jpg,88.8,0.4036,0.4272,0.5,0.2,6,4,False,False
180,frame_0117.jpg,46.8,0.4012,0.4925,0.25,0.4,6,2,False,False
181,frame_0104.jpg,41.6,0.4009,0.6038,0.25,0.12,5,2,False,False
182,frame_0090.jpg,36.0,0.3987,0.5035,0.25,0.36,8,2,False,False
183,frame_0121.jpg,48.4,0.3972,0.3453,0.375,0.56,5,3,False,False
184,frame_0118.jpg,47.2,0.3963,0.3915,0.375,0.44,7,3,False,False
185,frame_0321.jpg,128.4,0.3961,0.4122,0.5,0.2,8,4,False,False
186,frame_0309.jpg,123.6,0.3959,0.4438,0.5,0.12,6,4,False,False
187,frame_0087.jpg,34.8,0.3944,0.5218,0.125,0.48,6,1,False,False
188,frame_0394.jpg,157.6,0.3932,0.5295,0.375,0.08,7,3,False,False
189,frame_0281.jpg,112.4,0.3925,0.534,0.125,0.44,7,1,False,False
190,frame_0025.jpg,10.0,0.3889,0.3777,0.0,1.0,4,0,False,False
191,frame_0192.jpg,76.8,0.3869,0.4688,0.375,0.2,5,3,False,False
192,frame_0194.jpg,77.6,0.3868,0.4366,0.375,0.28,5,3,False,False
193,frame_0273.jpg,109.2,0.3848,0.4216,0.5,0.12,7,4,False,False
194,frame_0315.jpg,126.0,0.384,0.57,0.25,0.12,7,2,False,False
195,frame_0218.jpg,87.2,0.3825,0.4709,0.25,0.36,3,2,False,False
196,frame_0216.jpg,86.4,0.3815,0.5119,0.125,0.44,4,1,False,False
197,frame_0103.jpg,41.2,0.3803,0.4717,0.375,0.16,6,3,False,False
198,frame_0189.jpg,75.6,0.38,0.578,0.25,0.08,4,2,False,False
199,frame_0370.jpg,148.0,0.3766,0.5122,0.375,0.04,8,3,False,False
200,frame_0171.jpg,68.4,0.3749,0.4238,0.25,0.44,7,2,False,False
201,frame_0310.jpg,124.0,0.374,0.491,0.375,0.08,5,3,False,False
202,frame_0119.jpg,47.6,0.373,0.329,0.375,0.48,6,3,False,False
203,frame_0193.jpg,77.2,0.3712,0.4215,0.375,0.24,6,3,False,False
204,frame_0085.jpg,34.0,0.3711,0.3683,0.25,0.56,6,2,False,False
205,frame_0027.jpg,10.8,0.3699,0.2648,0.125,1.0,6,1,False,False
206,frame_0382.jpg,152.8,0.3667,0.4763,0.375,0.08,9,3,False,False
207,frame_0108.jpg,43.2,0.3664,0.5668,0.25,0.04,7,2,False,False
208,frame_0180.jpg,72.0,0.3646,0.4722,0.375,0.08,6,3,False,False
209,frame_0269.jpg,107.6,0.3572,0.5484,0.25,0.04,8,2,False,False
210,frame_0219.jpg,87.6,0.356,0.359,0.375,0.32,4,3,False,False
211,frame_0221.jpg,88.4,0.3516,0.3822,0.375,0.24,6,3,False,False
212,frame_0381.jpg,152.4,0.3438,0.4467,0.375,0.04,8,3,False,False
213,frame_0213.jpg,85.2,0.3432,0.3124,0.25,0.56,4,2,False,False
214,frame_0226.jpg,90.4,0.343,0.52,0.25,0.04,6,2,False,False
215,frame_0399.jpg,159.6,0.3409,0.4198,0.25,0.28,7,2,False,False
216,frame_0372.jpg,148.8,0.3407,0.4085,0.375,0.12,10,3,False,False
217,frame_0204.jpg,81.6,0.34,0.333,0.125,0.68,2,1,False,False
218,frame_0101.jpg,40.4,0.3394,0.4968,0.25,0.08,7,2,False,False
219,frame_0196.jpg,78.4,0.3372,0.3805,0.25,0.36,3,2,False,False
220,frame_0094.jpg,37.6,0.3357,0.3663,0.375,0.2,6,3,False,False
221,frame_0091.jpg,36.4,0.331,0.3839,0.25,0.32,7,2,False,False
222,frame_0233.jpg,93.2,0.3288,0.4867,0.125,0.24,8,1,False,False
223,frame_0195.jpg,78.0,0.3278,0.3776,0.25,0.32,4,2,False,False
224,frame_0215.jpg,86.0,0.3275,0.3129,0.25,0.48,5,2,False,False
225,frame_0100.jpg,40.0,0.3267,0.4874,0.25,0.04,8,2,False,False
226,frame_0325.jpg,130.0,0.3251,0.4092,0.375,0.04,7,3,False,False
227,frame_0205.jpg,82.0,0.3237,0.2844,0.125,0.72,2,1,False,False
228,frame_0371.jpg,148.4,0.3226,0.3883,0.375,0.08,7,3,False,False
229,frame_0207.jpg,82.8,0.3142,0.2334,0.125,0.8,5,1,False,False
230,frame_0228.jpg,91.2,0.3141,0.4623,0.25,0.04,7,2,False,False
231,frame_0272.jpg,108.8,0.3127,0.3685,0.375,0.08,5,3,False,False
232,frame_0232.jpg,92.8,0.3107,0.4664,0.125,0.2,7,1,False,False
233,frame_0383.jpg,153.2,0.3104,0.4228,0.25,0.12,7,2,False,False
234,frame_0206.jpg,82.4,0.3093,0.2395,0.125,0.76,5,1,False,False
235,frame_0322.jpg,128.8,0.3046,0.3203,0.375,0.16,5,3,False,False
236,frame_0178.jpg,71.2,0.3045,0.3951,0.25,0.16,5,2,False,False
237,frame_0198.jpg,79.2,0.3011,0.3512,0.125,0.44,3,1,False,False
238,frame_0217.jpg,86.8,0.2962,0.2824,0.25,0.4,4,2,False,False
239,frame_0191.jpg,76.4,0.295,0.376,0.25,0.16,6,2,False,False
240,frame_0211.jpg,84.4,0.2858,0.2406,0.125,0.64,4,1,False,False
241,frame_0174.jpg,69.6,0.2854,0.3679,0.125,0.32,9,1,False,False
242,frame_0393.jpg,157.2,0.2808,0.3957,0.25,0.04,5,2,False,False
243,frame_0324.jpg,129.6,0.2804,0.4538,0.125,0.08,6,1,False,False
244,frame_0271.jpg,108.4,0.2776,0.4642,0.125,0.04,5,1,False,False
245,frame_0320.jpg,128.0,0.2741,0.3022,0.25,0.24,6,2,False,False
246,frame_0093.jpg,37.2,0.2702,0.2945,0.25,0.24,5,2,False,False
247,frame_0212.jpg,84.8,0.2639,0.2127,0.125,0.6,4,1,False,False
248,frame_0092.jpg,36.8,0.2595,0.332,0.125,0.28,4,1,False,False
249,frame_0190.jpg,76.0,0.2576,0.3922,0.125,0.12,4,1,False,False
250,frame_0199.jpg,79.6,0.2439,0.2208,0.125,0.48,3,1,False,False
251,frame_0323.jpg,129.2,0.2346,0.2711,0.25,0.12,5,2,False,False
252,frame_0224.jpg,89.6,0.2273,0.4066,0.0,0.12,7,0,False,False
253,frame_0110.jpg,44.0,0.2271,0.3313,0.125,0.12,3,1,False,False
254,frame_0311.jpg,124.4,0.2249,0.3588,0.125,0.04,5,1,False,False
255,frame_0313.jpg,125.2,0.2087,0.3263,0.125,0.04,5,1,False,False
256,frame_0102.jpg,40.8,0.1745,0.3011,0.0,0.12,5,0,False,False
